,title,gross_worldwide,movie_id,year
0,Avengers: Endgame,"$2,797,800,564",4154796,2019
1,Avatar,"$2,790,439,000",0417299,2005
2,Titanic,"$2,195,169,696",0120338,1997
3,Star Wars: Episode VII - The Force Awakens,"$2,068,223,624",2488496,2015
4,Avengers: Infinity War,"$2,048,359,754",4154756,2018
5,The Lion King,"$1,752,378,802",6105098,2019
6,Jurassic World,"$1,670,400,637",0369610,2015
7,The Avengers,"$1,518,812,988",0848228,2012
8,Furious 7,"$1,515,048,151",2820852,2015
9,Frozen II,"$1,450,026,933",4520988,2019
10,Avengers: Age of Ultron,"$1,402,808,753",2395427,2015
11,Harry Potter and the Deathly Hallows: Part 2,"$1,386,206,970",1201607,2011
12,Black Panther,"$1,348,744,095",1825683,2018
13,Star Wars: Episode VIII - The Last Jedi,"$1,332,539,889",2527336,2017
14,Jurassic World: Fallen Kingdom,"$1,308,467,944",4881806,2018
15,Frozen,"$1,280,803,353",2294629,2013
16,Beauty and the Beast,"$1,263,541,116",2771200,2017
17,The Incredibles 2,"$1,242,805,359",3606756,2018
18,The Fate of the Furious,"$1,236,005,118",4630562,2017
19,Iron Man 3,"$1,214,811,252",1300854,2013
20,Minions,"$1,159,428,508",2293640,2015
21,Captain America: Civil War,"$1,153,312,277",3498820,2016
22,Aquaman,"$1,148,485,886",1477834,2018
23,The Lord of the Rings: The Return of the King,"$1,142,271,098",0167260,2003
24,Spider-Man: Far from Home,"$1,131,927,996",6320628,2019
25,Captain Marvel,"$1,128,275,971",4154664,2019
26,Transformers: Dark of the Moon,"$1,123,794,079",1399103,2011
27,Skyfall,"$1,108,561,013",1074638,2012
28,Transformers: Age of Extinction,"$1,104,054,072",2109248,2014
29,The Dark Knight Rises,"$1,081,124,605",1345836,2012
30,Joker,"$1,074,251,311",7286456,2019
31,Star Wars: The Rise of Skywalker,"$1,074,144,248",2527338,2019
32,Toy Story 4,"$1,073,394,593",1979376,2019
33,Toy Story 3,"$1,066,969,703",0435761,2010
34,Pirates of the Caribbean: Dead Man's Chest,"$1,066,179,725",0383574,2006
35,Rogue One: A Star Wars Story,"$1,056,057,273",3748528,2016
36,Aladdin,"$1,050,693,953",6139732,2019
37,Pirates of the Caribbean: On Stranger Tides,"$1,045,713,802",1298650,2011
38,The Dark Knight,"$1,038,046,191",0468569,2008
39,Despicable Me 3,"$1,034,799,409",3469046,2017
40,Jurassic Park,"$1,033,032,454",0107290,1993
41,Finding Dory,"$1,028,570,889",2277860,2016
42,Star Wars: Episode I - The Phantom Menace,"$1,027,082,707",0120915,1999
43,Alice in Wonderland,"$1,025,467,110",1014759,2010
44,Zootopia,"$1,023,784,195",2948356,2016
45,The Hobbit: An Unexpected Journey,"$1,017,003,568",0903624,2012
46,Harry Potter and the Sorcerer's Stone,"$984,210,546",0241527,2001
47,Harry Potter and the Deathly Hallows: Part 1,"$976,941,486",0926084,2010
48,Despicable Me 2,"$970,766,005",1690953,2013
49,The Lion King,"$968,511,805",6105098,2019
50,The Jungle Book,"$966,552,003",3040964,2016
51,Finding Nemo,"$962,859,504",0266543,2003
52,Jumanji: Welcome to the Jungle,"$962,102,237",2283362,2017
53,Pirates of the Caribbean: At World's End,"$960,996,492",0449088,2007
54,The Hobbit: The Desolation of Smaug,"$958,366,855",1170358,2013
55,The Hobbit: The Battle of the Five Armies,"$956,019,788",2310332,2014
56,The Lord of the Rings: The Two Towers,"$951,227,416",0167261,2002
57,Harry Potter and the Order of the Phoenix,"$942,900,866",0373889,2007
58,Harry Potter and the Half-Blood Prince,"$934,391,404",0417741,2009
59,Shrek 2,"$928,760,770",0298148,2004
60,Bohemian Rhapsody,"$903,694,634",1727824,2018
61,Harry Potter and the Goblet of Fire,"$896,374,191",0330373,2005
62,Spider-Man 3,"$894,983,373",0413300,2007
63,The Lord of the Rings: The Fellowship of the Ring,"$887,933,911",0120737,2001
64,Ice Age: Dawn of the Dinosaurs,"$886,686,817",1080016,2009
65,Spectre,"$880,674,609",2379713,2015
66,Harry Potter and the Chamber of Secrets,"$880,295,582",0295297,2002
67,Spider-Man: Homecoming,"$880,166,924",2250912,2017
68,Ice Age: Continental Drift,"$877,244,782",1667889,2012
69,The Secret Life of Pets,"$875,457,937",2709768,2016
70,Batman v Superman: Dawn of Justice,"$873,637,528",2975590,2016
71,Wolf Warrior 2,"$870,325,439",7131870,2017
72,Star Wars: Episode III - Revenge of the Sith,"$868,390,560",0121766,2005
73,The Hunger Games: Catching Fire,"$865,011,746",1951264,2013
74,Guardians of the Galaxy Vol. 2,"$863,756,051",3896198,2017
75,Inside Out,"$857,951,174",2096673,2015
76,Venom,"$856,085,151",1270797,2018
77,Thor: Ragnarok,"$853,977,552",3501632,2017
78,Transformers: Revenge of the Fallen,"$836,303,693",1055369,2009
79,Inception,"$829,925,498",1375666,2010
80,The Twilight Saga: Breaking Dawn - Part 2,"$829,746,820",1673434,2012
81,Spider-Man,"$825,025,036",0145487,2002
82,Wonder Woman,"$821,847,012",0451279,2017
83,Independence Day,"$817,400,891",0116629,1996
84,Fantastic Beasts and Where to Find Them,"$814,038,508",3183660,2016
85,Shrek the Third,"$813,367,380",0413267,2007
86,Coco,"$807,082,196",2380307,2017
87,Mission: Impossible - Fallout,"$801,135,806",4912910,2018
88,Harry Potter and the Prisoner of Azkaban,"$796,818,217",0304141,2004
89,Jumanji: The Next Level,"$796,575,993",7975244,2019
90,Pirates of the Caribbean: Dead Men Tell No Tales,"$794,878,815",1790809,2017
91,E.T. the Extra-Terrestrial,"$793,482,178",0083866,1982
92,2012,"$791,217,826",1190080,2009
93,Indiana Jones and the Kingdom of the Crystal Skull,"$790,653,942",0367882,2008
94,Spider-Man 2,"$788,976,453",0316654,2004
95,Fast & Furious 6,"$788,679,850",1905041,2013
96,Deadpool 2,"$785,794,179",5463162,2018
97,Deadpool,"$782,612,155",1431045,2016
98,Star Wars: Episode IV - A New Hope,"$775,521,394",0076759,1977
99,Guardians of the Galaxy,"$772,787,572",2015381,2014
100,The Da Vinci Code,"$760,006,945",0382625,2006
101,Fast & Furious Presents: Hobbs & Shaw,"$759,056,935",6806448,2019
102,Maleficent,"$758,410,378",1587310,2014
103,The Amazing Spider-Man,"$757,930,663",0316654,2004
104,The Hunger Games: Mockingjay - Part 1,"$755,356,711",1951265,2014
105,Shrek Forever After,"$752,600,867",0892791,2010
106,Madagascar 3: Europe's Most Wanted,"$746,921,274",1277953,2012
107,Suicide Squad,"$746,846,894",1386697,2016
108,X-Men: Days of Future Past,"$746,045,700",1877832,2014
109,"The Chronicles of Narnia: The Lion, the Witch and the Wardrobe","$745,013,115",0363771,2005
110,Monsters University,"$743,559,607",1453405,2013
111,The Matrix Reloaded,"$741,847,697",0234215,2003
112,Up,"$735,099,082",1049413,2009
113,Ne Zha,"$726,063,471",10627720,2019
114,The Twilight Saga: New Moon,"$724,256,885",1259571,2009
115,Gravity,"$723,192,705",1454468,2013
116,Captain America: The Winter Soldier,"$714,421,503",1843866,2014
117,The Twilight Saga: Breaking Dawn - Part 1,"$712,205,856",1324999,2011
118,Dawn of the Planet of the Apes,"$710,644,566",2103281,2014
119,Transformers,"$709,709,780",0418279,2007
120,The Amazing Spider-Man 2,"$708,982,323",1872181,2014
121,It,"$701,796,444",1396484,2017
122,The Wandering Earth,"$699,856,699",7605074,2019
123,Interstellar,"$699,618,129",0816692,2014
124,The Twilight Saga: Eclipse,"$698,491,347",1325004,2010
125,Mission: Impossible - Ghost Protocol,"$694,713,380",1229238,2011
126,The Hunger Games,"$694,394,724",1392170,2012
127,Moana,"$690,860,472",3521164,2016
128,Forrest Gump,"$683,095,371",0109830,1994
129,Mission: Impossible - Rogue Nation,"$682,716,636",2381249,2015
130,Doctor Strange,"$677,718,395",1211837,2016
131,The Sixth Sense,"$672,806,292",0167404,1999
132,Man of Steel,"$668,045,518",0770828,2013
133,Ice Age: The Meltdown,"$667,094,506",0438097,2006
134,Kung Fu Panda 2,"$665,692,281",1302011,2011
135,The Hunger Games: Mockingjay - Part 2,"$658,344,137",1951266,2015
136,Justice League,"$657,924,295",0974015,2017
137,Big Hero 6,"$657,857,416",2245084,2014
138,Fantastic Beasts: The Crimes of Grindelwald,"$654,855,901",4123430,2018
139,Pirates of the Caribbean: The Curse of the Black Pearl,"$654,264,015",0325980,2003
140,Star Wars: Episode II - Attack of the Clones,"$653,779,970",0121765,2002
141,Thor: The Dark World,"$644,783,140",1981115,2013
142,Sing,"$634,154,734",3470600,2016
143,"Monsters, Inc.","$632,316,649",0198781,2001
144,Kung Fu Panda,"$631,746,197",0441773,2008
145,The Incredibles,"$631,606,713",0317705,2004
146,The Martian,"$630,161,890",3659388,2015
147,Hancock,"$629,443,428",0448157,2008
148,Fast Five,"$626,137,675",1596343,2011
149,Men in Black 3,"$624,026,776",1409024,2012
150,Iron Man 2,"$623,933,331",1228705,2010
151,Ratatouille,"$623,726,085",0382932,2007
152,Ant-Man and the Wasp,"$622,674,139",5095030,2018
153,How to Train Your Dragon 2,"$621,537,519",1646971,2014
154,Logan,"$619,021,436",3315342,2017
155,The Lost World: Jurassic Park,"$618,638,999",0119567,1997
156,Casino Royale,"$616,501,619",0381061,2006
157,The Passion of the Christ,"$612,054,428",0335345,2004
158,Mamma Mia!,"$609,906,965",0795421,2008
159,Life of Pi,"$609,016,565",0454876,2012
160,Transformers: The Last Knight,"$605,425,157",3371366,2017
161,Madagascar: Escape 2 Africa,"$603,900,354",0479952,2008
162,War of the Worlds,"$603,873,119",9686194,2019
163,Tangled,"$592,461,732",0398286,2010
164,Quantum of Solace,"$589,580,482",0830515,2008
165,Men in Black,"$589,390,539",0119654,1997
166,The Croods,"$587,204,668",0481499,2013
167,The Hangover Part II,"$586,764,305",1411697,2011
168,I Am Legend,"$585,410,052",0480249,2007
169,Iron Man,"$585,366,247",0371746,2008
170,Ready Player One,"$582,893,671",1677720,2018
171,How to Train Your Dragon: The Hidden World,"$581,297,197",2386490,2019
172,Operation Red Sea,"$579,330,426",6878882,2018
173,Night at the Museum,"$574,480,841",0477347,2006
174,Fifty Shades of Grey,"$569,651,467",2322441,2015
175,Kong: Skull Island,"$566,652,812",3731562,2017
176,The Smurfs,"$563,749,323",0472181,2011
177,King Kong,"$562,363,449",0360717,2005
178,Cars 2,"$559,852,396",1216475,2011
179,Puss in Boots,"$554,987,477",0448694,2011
180,The Mermaid,"$553,810,228",4701660,2016
181,Armageddon,"$553,709,788",0120591,1998
182,The Day After Tomorrow,"$552,639,571",0319262,2004
183,Ted,"$549,368,315",1637725,2012
184,Star Wars: Episode V - The Empire Strikes Back,"$548,808,732",0080684,1980
185,American Sniper,"$547,426,372",2179136,2014
186,Mission: Impossible II,"$546,388,108",0120755,2000
187,Detective Chinatown 2,"$544,185,156",7752454,2018
188,X-Men: Apocalypse,"$543,934,105",3385516,2016
189,Sherlock Holmes: A Game of Shadows,"$543,848,418",1515091,2011
190,Despicable Me,"$543,113,985",1323594,2010
191,Cinderella,"$542,351,353",1661199,2015
192,Madagascar,"$542,063,846",0351283,2005
193,World War Z,"$540,007,876",0816711,2013
194,Brave,"$538,983,207",1217209,2012
195,The Simpsons Movie,"$536,414,270",0462538,2007
196,The Revenant,"$532,950,503",1663202,2015
197,The Meg,"$530,259,113",4779682,2018
198,Ralph Breaks the Internet,"$529,323,962",5848272,2018
199,Hotel Transylvania 3: Summer Vacation,"$528,583,774",5220122,2018
200,The Boss Baby,"$527,965,936",3874544,2017
201,Dunkirk,"$527,260,271",5013056,2017
202,Godzilla,"$524,976,069",0831387,2014
203,Sherlock Holmes,"$524,028,679",0988045,2009
204,Meet the Fockers,"$522,657,936",0290002,2004
205,WALL·E,"$521,311,860",0910970,2008
206,Kung Fu Panda 3,"$521,170,825",2267968,2016
207,Terminator 2: Judgment Day,"$520,884,847",0103064,1991
208,Ant-Man,"$519,311,965",0478970,2015
209,Dr. Seuss' the Grinch,"$511,595,957",2709692,2018
210,Ghost,"$505,870,681",0099653,1990
211,Aladdin,"$504,050,219",6139732,2019
212,Rio 2,"$498,781,117",2357291,2014
213,Troy,"$497,409,852",0332452,2004
214,Toy Story 2,"$497,374,776",0120363,1999
215,How to Train Your Dragon,"$494,878,759",0892769,2010
216,Twister,"$494,471,524",0117998,1996
217,Oz The Great and Powerful,"$493,311,825",1623205,2013
218,Clash of the Titans,"$493,214,993",0800320,2010
219,Maleficent: Mistress of Evil,"$491,730,089",4777008,2019
220,War for the Planet of the Apes,"$490,719,763",3450958,2017
221,Shrek,"$487,769,799",0126029,2001
222,Mr. & Mrs. Smith,"$487,287,646",0356910,2005
223,Angels & Demons,"$485,930,816",0808151,2009
224,Teenage Mutant Ninja Turtles,"$485,004,754",0100758,1990
225,Bruce Almighty,"$484,592,874",0315327,2003
226,Rio,"$483,866,518",1436562,2011
227,Saving Private Ryan,"$482,349,603",0120815,1998
228,Rise of the Planet of the Apes,"$481,800,873",1318514,2011
229,Home Alone,"$477,063,114",0099785,1990
230,Star Wars: Episode VI - Return of the Jedi,"$475,347,111",0086190,1983
231,Charlie and the Chocolate Factory,"$474,968,763",0367594,2005
232,Hotel Transylvania 2,"$474,800,000",2510894,2015
233,Indiana Jones and the Last Crusade,"$474,310,887",0097576,1989
234,San Andreas,"$473,990,832",2126355,2015
235,It Chapter Two,"$473,093,228",7349950,2019
236,Jaws,"$471,859,371",0073195,1975
237,Wreck-It Ralph,"$471,222,889",1772341,2012
238,The Hangover,"$469,310,836",1119646,2009
239,The Lego Movie,"$468,060,692",1490017,2014
240,Bumblebee,"$467,989,645",4701182,2018
241,Star Trek Into Darkness,"$467,365,246",1408101,2013
242,The Matrix,"$465,712,364",0133093,1999
243,Pretty Woman,"$463,406,927",0100405,1990
244,Cars,"$461,991,867",0317219,2006
245,Gladiator,"$460,583,960",0172495,2000
246,X-Men: The Last Stand,"$460,435,291",0376994,2006
247,National Treasure: Book of Secrets,"$459,242,249",0465234,2007
248,Lucy,"$458,863,600",2872732,2014
249,Mission: Impossible,"$457,731,198",0117060,1996
250,300,"$456,068,181",0416449,2006
251,The Last Samurai,"$454,627,263",0325710,2003
252,Dying to Survive,"$451,183,391",7362036,2018
253,Ocean's Eleven,"$450,717,150",0240772,2001
254,"My People, My Country","$450,064,993",10147382,2019
255,Thor,"$449,326,618",0800369,2011
256,Pearl Harbor,"$449,220,945",0213149,2001
257,Tarzan,"$448,191,819",0918940,2016
258,La La Land,"$446,486,224",3783958,2016
259,The Greatest Showman,"$446,355,750",1485796,2017
260,Men in Black II,"$445,135,288",0120912,2002
261,The Bourne Ultimatum,"$444,100,035",0440963,2007
262,The Mummy Returns,"$443,280,904",0209163,2001
263,Alvin and the Chipmunks: The Squeakquel,"$443,140,005",1231580,2009
264,Les Misérables,"$441,809,770",1707386,2012
265,The Exorcist,"$441,306,145",0070047,1973
266,Mrs. Doubtfire,"$441,286,195",0107614,1993
267,Terminator Genisys,"$440,603,537",1340138,2015
268,Beauty and the Beast,"$440,118,382",2771200,2017
269,Warcraft,"$439,048,914",0803096,2016
270,Mamma Mia! Here We Go Again,"$436,407,847",6911608,2018
271,A Star Is Born,"$436,188,866",1517451,2018
272,Terminator 3: Rise of the Machines,"$433,371,112",0181852,2003
273,Pokémon Detective Pikachu,"$433,005,346",5884052,2019
274,Die Another Day,"$431,971,116",0246460,2002
275,The Secret Life of Pets 2,"$430,051,293",5113040,2019
276,Cast Away,"$429,632,142",0162222,2000
277,Rampage,"$428,028,233",2231461,2018
278,The King's Speech,"$427,374,317",1504320,2010
279,The Matrix Revolutions,"$427,344,064",0242653,2003
280,The Intouchables,"$426,588,510",1675434,2011
281,Django Unchained,"$425,368,238",1853728,2012
282,Dances with Wolves,"$424,208,848",0099348,1990
283,Twilight,"$421,667,219",1099212,2008
284,The Chronicles of Narnia: Prince Caspian,"$419,665,568",0499448,2008
285,Bad Boys for Life,"$419,074,646",1502397,2020
286,Sex and the City,"$418,765,321",0159206,1998
287,The Captain,"$416,953,262",6763252,2017
288,The Mummy,"$415,933,406",0120616,1999
289,The Chronicles of Narnia: The Voyage of the Dawn Treader,"$415,686,217",0980970,2010
290,Jason Bourne,"$415,484,914",4196776,2016
291,The Wolverine,"$414,828,246",1430132,2013
292,Kingsman: The Secret Service,"$414,351,546",2802144,2014
293,Night at the Museum: Battle of the Smithsonian,"$413,106,170",1078912,2009
294,Batman,"$411,556,825",1877830,2021
295,The Bodyguard,"$411,006,740",7493974,2018
296,Pacific Rim,"$411,002,906",1663662,2013
297,Kingsman: The Golden Circle,"$410,902,662",4649466,2017
298,The Mummy,"$409,231,607",0120616,1999
299,Ice Age: Collision Course,"$408,579,038",3416828,2016
300,Signs,"$408,247,917",8917248,2018
301,X2: X-Men United,"$407,711,549",0290334,2003
302,Alita: Battle Angel,"$404,852,543",0437086,2019
303,Toy Story,"$404,265,438",0114709,1995
304,The Mummy: Tomb of the Dragon Emperor,"$403,449,830",0859163,2008
305,Prometheus,"$403,354,469",1446714,2012
306,Gone with the Wind,"$402,352,579",0031381,1939
307,TRON: Legacy,"$400,062,763",1104001,2010
308,Mission: Impossible III,"$398,479,497",0317919,2006
309,Grease,"$397,217,505",0077631,1978
310,Snow White and the Huntsman,"$396,592,829",1735898,2012
311,Solo: A Star Wars Story,"$392,924,807",3778644,2018
312,The Wolf of Wall Street,"$392,000,694",0993846,2013
313,Superman Returns,"$391,081,192",0348150,2006
314,Robin Hood: Prince of Thieves,"$390,493,908",0102798,1991
315,Raiders of the Lost Ark,"$390,133,212",0082971,1981
316,Independence Day: Resurgence,"$389,681,935",1628841,2016
317,Back to the Future,"$388,612,911",0088763,1985
318,Live Free or Die Hard,"$388,156,011",0337978,2007
319,Monster Hunt,"$387,053,506",3781476,2015
320,Godzilla: King of the Monsters,"$386,600,138",3741700,2019
321,Home,"$386,041,607",2224026,2015
322,Star Trek,"$385,680,446",0060028,1966
323,Happy Feet,"$384,335,608",0366548,2006
324,Cars 3,"$383,930,656",3606752,2017
325,Ice Age,"$383,257,136",0268380,2002
326,Fifty Shades Darker,"$381,545,846",4465564,2017
327,Monsters vs. Aliens,"$381,509,870",0892782,2009
328,1917,"$380,867,058",8579674,2019
329,Batman Begins,"$379,714,510",0372784,2005
330,Godzilla,"$379,014,294",0831387,2014
331,True Lies,"$378,882,411",0111503,1994
332,Slumdog Millionaire,"$378,410,113",1010048,2008
333,Taken 2,"$376,141,306",1397280,2012
334,G.I. Joe: Retaliation,"$375,740,705",1583421,2013
335,Spider-Man: Into the Spider-Verse,"$375,540,831",4633694,2018
336,Mad Max: Fury Road,"$375,212,975",1392190,2015
337,Shark Tale,"$374,583,879",0307453,2004
338,Once Upon a Time... In Hollywood,"$374,343,626",7131622,2019
339,What Women Want,"$374,111,707",0207201,2000
340,The Adventures of Tintin,"$373,993,951",0983193,2011
341,Penguins of Madagascar,"$373,515,621",1911658,2014
342,X-Men Origins: Wolverine,"$373,062,864",0458525,2009
343,The Golden Compass,"$372,234,864",0385752,2007
344,Fifty Shades Freed,"$371,985,018",4477536,2018
345,Hitch,"$371,594,210",0386588,2005
346,Terminator Salvation,"$371,353,001",0438488,2009
347,Captain America: The First Avenger,"$370,569,774",0458339,2011
348,Edge of Tomorrow,"$370,541,256",1631867,2014
349,There's Something About Mary,"$369,884,651",0129387,1998
350,Gone Girl,"$369,330,363",2267998,2014
351,The Fugitive,"$368,875,760",10623550,2020
352,Jurassic Park III,"$368,780,809",0163025,2001
353,My Big Fat Greek Wedding,"$368,744,044",0259446,2002
354,Die Hard with a Vengeance,"$366,236,538",0112864,1995
355,Shazam!,"$365,971,656",0448115,2019
356,The Nun,"$365,550,119",5814060,2018
357,Alvin and the Chipmunks,"$365,352,546",0952640,2007
358,Home Alone 2: Lost in New York,"$365,154,932",0104431,1992
359,Notting Hill,"$363,944,522",0125439,1999
360,A Bug's Life,"$363,258,859",0120623,1998
361,Night at the Museum: Secret of the Tomb,"$363,204,635",2692250,2014
362,Ocean's Twelve,"$362,744,280",0349903,2004
363,Planet of the Apes,"$362,211,740",0133152,2001
364,The Hangover Part III,"$362,000,072",1951261,2013
365,The World Is Not Enough,"$361,832,400",0143145,1999
366,Monster Hunt 2,"$361,682,618",6170484,2018
367,Fast & Furious,"$360,364,265",0232500,2001
368,Noah,"$359,200,044",1959490,2014
369,The Karate Kid,"$359,126,022",0087538,1984
370,Hotel Transylvania,"$358,375,603",0837562,2012
371,Minority Report,"$358,372,926",0181689,2002
372,Your Name.,"$357,986,087",5311514,2016
373,Top Gun,"$356,830,601",0092099,1986
374,The Legend of Tarzan,"$356,700,357",0918940,2016
375,American Beauty,"$356,296,601",0169547,1999
376,Spirited Away,"$355,467,056",0245429,2001
377,Apollo 13,"$355,237,933",0112384,1995
378,Rain Man,"$354,825,435",0095953,1988
379,The Great Gatsby,"$353,641,895",1343092,2013
380,Dumbo,"$353,284,621",3861390,2019
381,"I, Robot","$353,133,898",0343818,2004
382,Basic Instinct,"$352,927,224",0103772,1992
383,Murder on the Orient Express,"$352,789,811",3402236,2017
384,X-Men: First Class,"$352,616,690",1270798,2011
385,The Angry Birds Movie,"$352,333,929",1985949,2016
386,GoldenEye,"$352,194,034",0113189,1995
387,Catch Me If You Can,"$352,114,312",0264464,2002
388,Now You See Me,"$351,723,989",1670345,2013
389,Hannibal,"$351,692,268",2243973,2013
390,The Mask,"$351,583,407",0110475,1994
391,Peter Rabbit,"$351,266,433",5117670,2018
392,Speed,"$350,448,145",0111257,1994
393,Dinosaur,"$349,822,765",0130623,2000
394,Mary Poppins Returns,"$349,545,966",5028340,2018
395,Deep Impact,"$349,464,664",0120647,1998
396,The Lorax,"$348,840,316",1482459,2012
397,The Maze Runner,"$348,319,861",1790864,2014
398,The Smurfs 2,"$347,545,360",2017020,2013
399,National Treasure,"$347,512,318",0368891,2004
400,Rush Hour 2,"$347,325,802",0266915,2001
401,Trolls,"$346,864,462",1679335,2016
402,xXx: Return of Xander Cage,"$346,118,277",1293847,2017
403,Pocahontas,"$346,079,773",0114148,1995
404,How the Grinch Stole Christmas,"$345,141,403",0170016,2000
405,Star Trek Beyond,"$343,471,816",2660888,2016
406,Alvin and the Chipmunks: Chipwrecked,"$342,695,435",1615918,2011
407,Wanted,"$342,463,063",0493464,2008
408,The Flintstones,"$341,631,208",0109813,1994
409,A Quiet Place,"$340,949,169",6644200,2018
410,Enchanted,"$340,487,652",0461770,2007
411,Over the Hedge,"$339,795,890",0327084,2006
412,300: Rise of an Empire,"$337,580,051",1253863,2014
413,Batman Forever,"$336,567,531",0112462,1995
414,Prince of Persia: The Sands of Time,"$336,365,676",0473075,2010
415,Back to the Future Part II,"$335,973,020",0096874,1989
416,The Curious Case of Benjamin Button,"$335,802,786",0421715,2008
417,Journey 2: The Mysterious Island,"$335,260,290",1397514,2012
418,The Rock,"$335,062,621",0117500,1996
419,The Great Wall,"$334,933,831",2034800,2016
420,Now You See Me 2,"$334,897,606",3110958,2016
421,Fantastic Four,"$333,535,934",1502712,2015
422,Indiana Jones and the Temple of Doom,"$333,107,271",0087469,1984
423,Tomorrow Never Dies,"$333,011,068",0120347,1997
424,The Good Dinosaur,"$332,207,671",1979388,2015
425,22 Jump Street,"$331,333,876",2294449,2014
426,Meet the Parents,"$330,444,045",0212338,2000
427,Who Framed Roger Rabbit,"$329,803,958",0096438,1988
428,Black Swan,"$329,398,046",0947798,2010
429,The Perfect Storm,"$328,718,434",0177971,2000
430,Crocodile Dundee,"$328,203,506",0090555,1986
431,Se7en,"$327,333,559",0114369,1995
432,John Wick: Chapter 3 - Parabellum,"$326,709,727",6146586,2019
433,The Devil Wears Prada,"$326,705,902",0458352,2006
434,Taken 3,"$326,479,141",2446042,2014
435,The Hunchback of Notre Dame,"$325,338,851",0116583,1996
436,A Christmas Carol,"$325,286,646",7686464,2019
437,The SpongeBob Movie: Sponge Out of Water,"$325,186,032",2279373,2015
438,Schindler's List,"$322,287,794",0108052,1993
439,Megamind,"$321,885,765",1001526,2010
440,Green Book,"$321,752,656",6966692,2018
441,Lethal Weapon 3,"$321,731,527",0104714,1992
442,The Ugly Truth,"$321,682,600",1142988,2009
443,Robin Hood,"$321,669,741",0955308,2010
444,Inglourious Basterds,"$321,455,689",0361748,2009
445,101 Dalmatians,"$320,689,294",0115433,1996
446,The Conjuring 2,"$320,392,818",3065204,2016
447,Fatal Attraction,"$320,145,693",0093010,1987
448,The Last Airbender,"$319,713,881",0938283,2010
449,The Conjuring,"$319,501,756",1457767,2013
450,The Proposal,"$317,375,031",1041829,2009
451,A Beautiful Mind,"$316,791,257",0268978,2001
452,Beverly Hills Cop,"$316,360,478",0086960,1984
453,Air Force One,"$315,156,409",0118571,1997
454,The Expendables 2,"$314,975,955",1764651,2012
455,Chicken Little,"$314,432,837",0371606,2005
456,As Good as It Gets,"$314,178,011",0119822,1997
457,The Polar Express,"$313,500,433",0338348,2004
458,Maze Runner: The Scorch Trials,"$312,296,056",4046784,2015
459,Resident Evil: The Final Chapter,"$312,242,626",2592614,2016
460,Austin Powers: The Spy Who Shagged Me,"$312,016,928",0145660,1999
461,The Lego Batman Movie,"$311,950,384",4116284,2017
462,Ocean's Thirteen,"$311,312,624",0496806,2007
463,Little Fockers,"$310,650,585",0970866,2010
464,Bolt,"$309,979,994",0397892,2008
465,Ransom,"$309,492,681",0117438,1996
466,Runaway Bride,"$309,460,292",0163187,1999
467,Knives Out,"$309,232,797",8946378,2019
468,The Blind Side,"$309,208,309",0878804,2009
469,The Ex-File 3: The Return of The Exes,"$307,592,427",7830888,2017
470,The Fault in Our Stars,"$307,166,834",2582846,2014
471,The Pursuit of Happyness,"$307,127,625",0454921,2006
472,Rise of the Guardians,"$306,941,670",1446192,2012
473,Close Encounters of the Third Kind,"$306,899,494",0075860,1977
474,Skyscraper,"$306,880,955",5758778,2018
475,Chicago,"$306,776,732",0299658,2002
476,Sonic the Hedgehog,"$306,766,470",3794354,2020
477,Annabelle: Creation,"$306,515,884",5140878,2017
478,Wonder,"$305,937,718",2543472,2017
479,A Good Day to Die Hard,"$304,654,182",1606378,2013
480,Mulan,"$304,320,254",4566758,2020
481,Dangal,"$303,723,636",5074352,2016
482,Passengers,"$303,144,152",1355644,2016
483,Battleship,"$303,025,485",1440129,2012
484,Liar Liar,"$302,710,615",0119528,1997
485,G.I. Joe: The Rise of Cobra,"$302,469,017",1046173,2009
486,Wrath of the Titans,"$301,970,083",1646987,2012
487,Fantastic 4: Rise of the Silver Surfer,"$301,913,131",0486576,2007
488,Hook,"$300,854,823",0102057,1991
489,Rocky IV,"$300,473,716",0089927,1985
490,Superman,"$300,451,667",0078346,1978
491,Rambo: First Blood Part II,"$300,400,432",0089880,1985
492,Resident Evil: Afterlife,"$300,228,084",1220634,2010
493,Van Helsing,"$300,157,638",5197820,2016
494,Stuart Little,"$300,135,367",0164912,1999
495,Beverly Hills Cop II,"$299,965,036",0092644,1987
496,Alice Through the Looking Glass,"$299,457,024",2567026,2016
497,My Best Friend's Wedding,"$299,288,605",0119738,1997
498,Real Steel,"$299,268,508",0433035,2011
499,Horton Hears a Who!,"$298,572,799",0451079,2008
500,Ocean's 8,"$297,718,711",5164214,2018
501,The Divergent Series: Insurgent,"$297,002,527",2908446,2015
502,Look Who's Talking,"$296,999,813",0097778,1989
503,Austin Powers in Goldmember,"$296,938,801",0295178,2002
504,Miss Peregrine's Home for Peculiar Children,"$296,482,446",1935859,2016
505,X-Men,"$296,339,528",0120903,2000
506,Ghostbusters,"$296,320,473",0087332,1984
507,Ferdinand,"$296,069,199",3411444,2017
508,Shutter Island,"$294,804,195",1130884,2010
509,Doctor Dolittle,"$294,456,605",0118998,1998
510,Bee Movie,"$293,514,336",0389790,2007
511,Salt,"$293,503,354",0944835,2010
512,G-Force,"$292,817,841",0436339,2009
513,The Departed,"$291,465,034",0407887,2006
514,What Lies Beneath,"$291,420,351",0161081,2000
515,Pacific Rim: Uprising,"$290,930,148",2557478,2018
516,The Bourne Supremacy,"$290,835,269",0372183,2004
517,Sex and the City 2,"$290,745,055",1261945,2010
518,Shakespeare in Love,"$289,317,794",0138097,1998
519,Divergent,"$288,885,818",1840309,2014
520,Coming to America,"$288,752,301",0094898,1988
521,Wedding Crashers,"$288,467,645",0396269,2005
522,Bridesmaids,"$288,383,523",1478338,2011
523,Maze Runner: The Death Cure,"$288,175,335",4500922,2018
524,Casper,"$287,928,194",0112642,1995
525,American Pie 2,"$287,553,595",0252866,2001
526,Pitch Perfect 2,"$287,144,079",2848292,2015
527,The Green Mile,"$286,801,374",0120689,1999
528,Oblivion,"$286,168,572",1483013,2013
529,Elysium,"$286,140,700",1535108,2013
530,Lethal Weapon 4,"$285,444,603",0122151,1998
531,John Carter,"$284,139,100",0401729,2012
532,Turbo,"$282,570,682",1860353,2013
533,Paddington,"$282,374,179",1109624,2014
534,Bridget Jones's Diary,"$281,929,795",0243155,2001
535,The Tourist,"$278,780,441",1243957,2010
536,Split,"$278,454,358",4972582,2016
537,Scary Movie,"$278,019,771",0117571,1996
538,xXx,"$277,448,382",0295701,2002
539,The Bourne Legacy,"$276,144,750",1194173,2012
540,Mr. Peabody & Sherman,"$275,698,039",0864835,2014
541,Scooby-Doo,"$275,650,703",3152592,2020
542,Lincoln,"$275,293,450",0443272,2012
543,Lara Croft: Tomb Raider,"$274,703,340",0146316,2001
544,Tomb Raider,"$274,650,803",1365519,2018
545,The Expendables,"$274,470,394",1320253,2010
546,Cloudy With a Chance of Meatballs 2,"$274,325,949",1985966,2013
547,The Little Mermaid,"$274,190,855",0097757,1989
548,The Nutty Professor,"$273,961,019",0117218,1996
549,Jerry Maguire,"$273,552,592",0116695,1996
550,Bad Boys II,"$273,339,556",0172156,2003
551,Lilo & Stitch,"$273,144,151",0275847,2002
552,The Silence of the Lambs,"$272,753,884",0102926,1991
553,Get Out,"$272,495,873",5052448,2017
554,Grown Ups,"$271,430,189",1375670,2010
555,Neighbors,"$270,665,134",2004420,2014
556,The Firm,"$270,248,367",0106918,1993
557,We're the Millers,"$269,994,119",1723121,2013
558,Gran Torino,"$269,958,228",1205489,2008
559,"10,000 BC","$269,784,201",0443649,2008
560,American Gangster,"$269,755,430",0765429,2007
561,Epic,"$268,426,634",0848537,2013
562,Exodus: Gods and Kings,"$268,175,631",1528100,2014
563,Bambi,"$267,447,150",0034492,1942
564,The Princess and the Frog,"$267,045,765",0780521,2009
565,Batman Returns,"$266,903,053",0103776,1992
566,Indecent Proposal,"$266,614,059",0107211,1993
567,Something's Gotta Give,"$265,328,738",0337741,2003
568,Bridget Jones: The Edge of Reason,"$265,126,918",0317198,2004
569,The Incredible Hulk,"$264,770,996",0800080,2008
570,Parasite,"$264,475,049",6751668,2019
571,Waterworld,"$264,218,220",0114898,1995
572,The Truman Show,"$264,118,201",0120382,1998
573,Charlie's Angels,"$264,105,545",5033998,2019
574,The Fifth Element,"$264,029,966",0119116,1997
575,Jumanji,"$262,821,940",2283362,2017
576,Borat: Cultural Learnings of America for Make Benefit Glorious Nation of Kazakhstan,"$262,552,893",0443453,2006
577,Robots,"$262,511,490",0358082,2005
578,Knight and Day,"$261,989,769",1013743,2010
579,Total Recall,"$261,317,921",0100802,1990
580,This Is It,"$261,183,588",1477715,2009
581,Terminator: Dark Fate,"$261,119,292",6450804,2019
582,The Lone Ranger,"$260,502,115",1210819,2013
583,Super 8,"$260,095,986",1650062,2011
584,Mojin: The Lost Legend,"$259,368,448",4276752,2015
585,Blade Runner 2049,"$259,239,658",1856101,2017
586,Charlie's Angels: Full Throttle,"$259,175,788",0305357,2003
587,Rush Hour 3,"$258,097,122",0293564,2007
588,The Full Monty,"$257,938,649",0119164,1997
589,Kung Fu Yoga,"$257,743,016",4217392,2017
590,Annabelle,"$257,047,661",3322940,2014
591,The Village,"$256,697,520",0368447,2004
592,Lost in Hong Kong,"$256,283,912",4242158,2015
593,Erin Brockovich,"$256,271,286",0195685,2000
594,Marley & Me,"$255,743,093",0822832,2008
595,Halloween,"$255,485,178",0077651,1978
596,Us,"$255,184,580",6857112,2019
597,Cliffhanger,"$255,000,211",0106582,1993
598,Baahubali 2: The Conclusion,"$254,158,390",4849438,2017
599,Babe,"$254,134,910",0112431,1995
600,Men in Black: International,"$253,890,701",2283336,2019
601,Wild Hogs,"$253,625,427",0486946,2007
602,High School Musical 3,"$252,909,177",0962726,2008
603,Hercules,"$252,712,101",0119282,1997
604,X-Men: Dark Phoenix,"$252,442,974",6565702,2019
605,True Grit,"$252,276,927",1403865,2010
606,Bean,"$251,212,670",0118689,1997
607,American Hustle,"$251,171,807",1800241,2013
608,Enemy of the State,"$250,849,789",0120660,1998
609,You've Got Mail,"$250,821,495",0128853,1998
610,Eragon,"$250,425,512",0449010,2006
611,Brother Bear,"$250,397,798",0328880,2003
612,The Mask of Zorro,"$250,288,523",0120746,1998
613,The Ring,"$249,348,933",0298130,2002
614,The Blair Witch Project,"$248,639,099",0185937,1999
615,Unbreakable,"$248,118,121",0217869,2000
616,Journey to the West: The Demons Strike Back,"$247,585,244",5273624,2017
617,Dumb and Dumber,"$247,275,374",0109686,1994
618,Glass,"$246,999,039",6823368,2019
619,Grown Ups 2,"$246,984,278",2191701,2013
620,The Peanuts Movie,"$246,233,113",2452042,2015
621,Back to the Future Part III,"$246,145,853",0099088,1990
622,The Godfather,"$246,120,974",0068646,1972
623,Rango,"$245,724,603",1192628,2011
624,Four Weddings and a Funeral,"$245,700,832",0109831,1994
625,Face/Off,"$245,676,146",0119094,1997
626,Teenage Mutant Ninja Turtles: Out of the Shadows,"$245,623,848",3949660,2016
627,Dark Shadows,"$245,527,149",1077368,2012
628,Hulk,"$245,285,165",0286716,2003
629,The Bravest,"$245,179,562",10218674,2019
630,Love Actually,"$244,931,766",0314331,2003
631,Pixels,"$244,874,809",2120120,2015
632,Hercules,"$244,819,862",0119282,1997
633,Rush Hour,"$244,721,064",0120812,1998
634,Journey to the Center of the Earth,"$244,232,688",0373051,2008
635,After Earth,"$243,611,982",1815862,2013
636,Dolittle,"$243,321,264",6673612,2020
637,A Few Good Men,"$243,240,178",0104257,1992
638,Cloudy with a Chance of Meatballs,"$243,006,126",0844471,2009
639,8 Mile,"$242,875,078",0298203,2002
640,Daddy's Home,"$242,786,137",1528854,2015
641,RoboCop,"$242,688,965",0093870,1987
642,Eraser,"$242,295,562",0116213,1996
643,Alien: Covenant,"$240,891,763",2316204,2017
644,Sully,"$240,797,623",3263904,2016
645,Assassin's Creed,"$240,697,856",2094766,2016
646,Click,"$240,685,326",0389860,2006
647,Die Hard 2,"$240,247,433",0099423,1990
648,Resident Evil: Retribution,"$240,159,255",1855325,2012
649,Crocodile Dundee II,"$239,606,210",0092493,1988
650,Planes,"$239,258,712",1691917,2013
651,Crazy Rich Asians,"$238,538,736",3104988,2018
652,Batman & Robin,"$238,235,915",0118688,1997
653,Gulliver's Travels,"$237,382,724",1320261,2010
654,Gone in 60 Seconds,"$237,202,299",0187078,2000
655,Saturday Night Fever,"$237,113,184",0076666,1977
656,Silver Linings Playbook,"$236,412,453",1045658,2012
657,2 Fast 2 Furious,"$236,350,661",0322259,2003
658,Howl's Moving Castle,"$236,212,992",0347149,2004
659,Hidden Figures,"$235,956,898",4846340,2016
660,A.I. Artificial Intelligence,"$235,926,552",0212720,2001
661,Dead Poets Society,"$235,860,116",0097165,1989
662,Spy,"$235,666,219",3079380,2015
663,American Pie,"$235,483,004",0163651,1999
664,American Reunion,"$234,989,584",1605630,2012
665,Big Daddy,"$234,801,895",0142342,1999
666,Alvin and the Chipmunks: The Road Chip,"$234,798,636",2974918,2015
667,The Imitation Game,"$233,555,708",2084970,2014
668,The Day the Earth Stood Still,"$233,093,859",0970416,2008
669,American Wedding,"$232,722,935",0328828,2003
670,The Girl with the Dragon Tattoo,"$232,617,430",1568346,2011
671,Juno,"$232,372,681",0467406,2007
672,Argo,"$232,325,503",1024648,2012
673,Mr. Bean's Holiday,"$232,225,908",0453451,2007
674,The English Patient,"$231,976,425",0116209,1996
675,Sister Act,"$231,605,150",0105417,1992
676,Annabelle Comes Home,"$231,252,591",8350360,2019
677,Constantine,"$230,884,728",0360486,2005
678,Get Smart,"$230,685,453",0425061,2008
679,Space Jam,"$230,418,342",0117705,1996
680,Life Is Beautiful,"$230,098,753",0118799,1997
681,The Heat,"$229,930,771",2404463,2013
682,Ghostbusters,"$229,147,509",0087332,1984
683,Ghost Rider,"$228,738,393",0259324,2007
684,Goodbye Mr. Loser,"$228,122,928",5061814,2015
685,Paddington 2,"$227,978,645",4468740,2017
686,Sleepless in Seattle,"$227,927,165",0108160,1993
687,Lethal Weapon 2,"$227,853,986",0097733,1989
688,The Green Hornet,"$227,817,248",0990407,2011
689,Out of Africa,"$227,542,205",0089755,1985
690,Youth,"$227,091,290",3312830,2015
691,Baby Driver,"$226,945,087",3890160,2017
692,Immortals,"$226,904,017",1253864,2011
693,Taken,"$226,837,760",0936501,2008
694,Percy Jackson & the Olympians: The Lightning Thief,"$226,497,209",0814255,2010
695,Hansel & Gretel: Witch Hunters,"$226,349,749",1428538,2013
696,Good Will Hunting,"$225,933,435",0119217,1997
697,Valerian and the City of a Thousand Planets,"$225,874,228",2239822,2017
698,Better Days,"$225,744,502",9586294,2019
699,Ford v Ferrari,"$225,508,210",1950186,2019
700,Jumper,"$225,132,113",0489099,2008
701,The Social Network,"$224,920,315",1285016,2010
702,Chicken Run,"$224,834,564",0120630,2000
703,Con Air,"$224,012,234",0118880,1997
704,Interview with the Vampire: The Vampire Chronicles,"$223,664,608",0110148,1994
705,Flightplan,"$223,387,299",0408790,2005
706,Yes Man,"$223,241,637",1068680,2008
707,Pulp Fiction,"$222,831,817",0110912,1994
708,Non-Stop,"$222,809,600",2024469,2014
709,"Honey, I Shrunk the Kids","$222,724,172",0097523,1989
710,Fahrenheit 9/11,"$222,446,882",0361596,2004
711,Wild Wild West,"$222,104,681",0120891,1999
712,Elf,"$221,671,773",0319343,2003
713,Geostorm,"$221,600,160",1981128,2017
714,Presumed Innocent,"$221,303,188",0100404,1990
715,Collateral,"$220,926,695",0369339,2004
716,Scary Movie 3,"$220,673,217",0306047,2003
717,Inferno,"$220,021,259",3062096,2016
718,Knocked Up,"$219,922,417",0478311,2007
719,Green Lantern,"$219,851,172",1133985,2011
720,What Happens in Vegas,"$219,375,562",1033643,2008
721,It's Complicated,"$219,103,655",1230414,2009
722,The Terminal,"$219,100,084",0362227,2004
723,Captain Phillips,"$218,791,811",1535109,2013
724,The Prince of Egypt,"$218,613,188",0120794,1998
725,Jack Reacher,"$218,340,595",0790724,2012
726,Kingdom of Heaven,"$218,122,627",0320661,2005
727,Dirty Dancing,"$217,808,118",0092890,1987
728,The Emoji Movie,"$217,776,646",4877122,2017
729,Dracula Untold,"$217,124,280",0829150,2014
730,Central Intelligence,"$216,972,543",1489889,2016
731,Million Dollar Baby,"$216,763,646",0405159,2004
732,The Help,"$216,639,112",1454029,2011
733,Twins,"$216,614,388",0096320,1988
734,Valentine's Day,"$216,485,654",0817230,2010
735,Bad Teacher,"$216,197,492",1284575,2011
736,One Hundred and One Dalmatians,"$216,026,182",0055254,1961
737,Clear and Present Danger,"$215,887,717",0109444,1994
738,Ted 2,"$215,863,606",2637276,2015
739,Bram Stoker's Dracula,"$215,862,692",0103874,1992
740,Vertical Limit,"$215,663,859",0190865,2000
741,Ghostbusters II,"$215,394,738",0097428,1989
742,The Patriot,"$215,294,342",0187393,2000
743,The Sorcerer's Apprentice,"$215,283,742",0963966,2010
744,Just Go with It,"$214,945,591",1564367,2011
745,The Expendables 3,"$214,657,577",2333784,2014
746,The Fast and the Furious,"$214,463,726",0232500,2001
747,Creed II,"$214,215,889",6343314,2018
748,Public Enemies,"$214,104,620",1152836,2009
749,Smallfoot,"$214,040,103",6182908,2018
750,The Bourne Identity,"$214,034,224",0258463,2002
751,Disclosure,"$214,015,089",0109635,1994
752,The Aviator,"$213,719,942",0338751,2004
753,"Crouching Tiger, Hidden Dragon","$213,525,736",0190332,2000
754,Braveheart,"$213,216,216",0112573,1995
755,Into the Woods,"$212,902,372",0083907,1981
756,Bedtime Stories,"$212,874,864",0960731,2008
757,Miss Congeniality,"$212,742,720",0212346,2000
758,Entrapment,"$212,404,396",0137494,1999
759,Ace Ventura: When Nature Calls,"$212,385,533",0112281,1995
760,End of Days,"$211,989,043",0146675,1999
761,Bridget Jones's Baby,"$211,952,420",1473832,2016
762,Battle Los Angeles,"$211,819,354",1217613,2011
763,Fury,"$211,817,906",2713180,2014
764,Australia,"$211,787,511",0455824,2008
765,Due Date,"$211,780,824",1231583,2010
766,Master and Commander: The Far Side of the World,"$211,622,535",0311113,2003
767,Lemony Snicket's A Series of Unfortunate Events,"$211,468,235",4834206,2017
768,District 9,"$210,888,950",1136608,2009
769,The Jungle Book,"$210,310,084",3040964,2016
770,Moonraker,"$210,308,099",0079574,1979
771,The Others,"$209,947,037",0230600,2001
772,Horrible Bosses,"$209,838,559",1499658,2011
773,Red Dragon,"$209,196,298",0289765,2002
774,Little Women,"$209,101,214",3281548,2019
775,Tomorrowland,"$209,035,668",1964418,2015
776,Me Before You,"$208,314,186",2674426,2016
777,Safe House,"$208,076,205",1599348,2012
778,S.W.A.T.,"$207,725,639",6111130,2017
779,Traffic,"$207,515,725",0181865,2000
780,Paranormal Activity 3,"$207,039,844",1778304,2011
781,Philadelphia,"$206,678,440",0472954,2005
782,Sleepy Hollow,"$206,071,502",0162661,1999
783,The Holiday,"$205,841,885",0457939,2006
784,London Has Fallen,"$205,754,447",3300542,2016
785,A Dog's Purpose,"$205,736,628",1753383,2017
786,The Break-Up,"$205,668,210",0452594,2006
787,Journey to the West,"$205,637,183",2017561,2013
788,JFK,"$205,405,498",0102138,1991
789,White House Down,"$205,366,737",2334879,2013
790,Fun with Dick and Jane,"$204,681,899",0369441,2005
791,Eat Pray Love,"$204,594,016",0879870,2010
792,You Don't Mess with the Zohan,"$204,313,400",0960144,2008
793,King Arthur,"$203,567,857",1972591,2017
794,Hairspray,"$203,552,922",0427327,2007
795,Yogi Bear,"$203,509,374",1302067,2010
796,Everest,"$203,427,584",6324278,2019
797,Vanilla Sky,"$203,388,341",0259711,2001
798,Arrival,"$203,388,186",2543164,2016
799,Need for Speed,"$203,277,636",2369135,2014
800,Ponyo,"$203,204,882",0876563,2008
801,Garfield,"$203,172,417",0356634,2004
802,The Addams Family,"$203,044,905",0101272,1991
803,Patch Adams,"$202,292,902",0129290,1998
804,Teenage Mutant Ninja Turtles,"$201,965,915",0100758,1990
805,Kindergarten Cop,"$201,957,688",0099938,1990
806,Harley Quinn: Birds of Prey,"$201,858,461",7713068,2020
807,Straight Outta Compton,"$201,634,991",1398426,2015
808,21 Jump Street,"$201,585,328",1232829,2012
809,Valkyrie,"$201,545,517",0985699,2008
810,Open Season,"$200,811,689",0400717,2006
811,Cats & Dogs,"$200,687,492",0239395,2001
812,The Hunt for Red October,"$200,512,643",0099810,1990
813,Percy Jackson: Sea of Monsters,"$199,850,315",1854564,2013
814,Two Weeks Notice,"$199,043,242",0313737,2002
815,RED,"$199,006,387",1245526,2010
816,City of Angels,"$198,685,114",0120632,1998
817,The Pacifier,"$198,636,868",0395699,2005
818,50 First Dates,"$198,520,934",0343660,2004
819,Total Recall,"$198,467,168",0100802,1990
820,The Island,"$198,326,350",0399201,2005
821,The Impossible,"$198,087,212",1649419,2012
822,Lost in Thailand,"$197,757,387",2459022,2012
823,Christopher Robin,"$197,744,377",4575576,2018
824,Jack the Giant Slayer,"$197,687,603",1351685,2013
825,Smurfs: The Lost Village,"$197,183,546",2398241,2017
826,Spy Kids 3-D: Game Over,"$197,101,678",0338459,2003
827,Panic Room,"$197,079,546",0258000,2002
828,The Other Woman,"$196,710,396",2203939,2014
829,Stargate,"$196,567,262",0118480,1997
830,Beowulf,"$196,393,745",0442933,2007
831,The Vow,"$196,114,570",1606389,2012
832,Anger Management,"$195,745,823",1986770,2012
833,Tropic Thunder,"$195,702,811",0942385,2008
834,The Shape of Water,"$195,333,312",5580390,2017
835,The Pelican Brief,"$195,268,056",0107798,1993
836,The BFG,"$195,243,411",3691740,2016
837,Rocketman,"$195,179,299",2066051,2019
838,The Intern,"$194,564,672",2361509,2015
839,Downton Abbey,"$194,273,763",1606375,2010
840,Wallace & Gromit: The Curse of the Were-Rabbit,"$194,111,171",0312004,2005
841,Gnomeo & Juliet,"$193,967,670",0377981,2011
842,The Sum of All Fears,"$193,921,372",0164184,2002
843,Gangs of New York,"$193,772,504",0217505,2002
844,The Monkey King 2,"$193,678,298",4591310,2016
845,Paranormal Activity,"$193,355,800",1179904,2007
846,Weathering with You,"$193,176,979",9426210,2019
847,The Post,"$192,938,646",6294822,2017
848,The Equalizer,"$192,330,738",0455944,2014
849,The LEGO Movie 2: The Second Part,"$192,306,508",3513498,2019
850,The Addams Family,"$191,502,426",0101272,1991
851,The Longest Yard,"$191,466,556",0398165,2005
852,Cheaper by the Dozen,"$190,538,630",0349205,2003
853,The Equalizer 2,"$190,400,157",3766354,2018
854,Hollow Man,"$190,213,455",0164052,2000
855,Outbreak,"$189,859,560",0114069,1995
856,The Santa Clause,"$189,833,357",0111070,1994
857,The White Storm 2: Drug Lords,"$189,396,380",8239806,2019
858,The X Files,"$189,176,423",0106179,1993
859,Breakup Buddies,"$189,017,596",3890264,2014
860,Rambo III,"$189,015,611",0095956,1988
861,The Secret Life of Walter Mitty,"$188,133,322",0359950,2013
862,Jaws 2,"$187,884,007",0077766,1978
863,12 Years a Slave,"$187,733,202",2024544,2013
864,Heat,"$187,436,818",0113277,1995
865,Mr. Popper's Penguins,"$187,361,754",1396218,2011
866,The Grudge,"$187,281,115",3612126,2020
867,I Now Pronounce You Chuck & Larry,"$187,134,117",0762107,2007
868,The Horse Whisperer,"$186,883,563",0119314,1998
869,Walk the Line,"$186,797,986",0358273,2005
870,The Jungle Book 2,"$186,303,759",0283426,2003
871,The Final Destination,"$186,167,139",1144884,2009
872,Atlantis: The Lost Empire,"$186,053,725",0230011,2001
873,Inside Man,"$186,003,591",0454848,2006
874,The Waterboy,"$185,991,646",0120484,1998
875,Hugo,"$185,770,160",0970179,2011
876,Pitch Perfect 3,"$185,400,345",4765284,2017
877,Watchmen,"$185,382,813",7049682,2019
878,The Birdcage,"$185,260,553",0115685,1996
879,Moulin Rouge!,"$184,935,030",0203009,2001
880,Snow White and the Seven Dwarfs,"$184,925,486",0029583,1937
881,Hop,"$183,953,723",1411704,2011
882,Bad Moms,"$183,936,074",4651520,2016
883,Jupiter Ascending,"$183,887,723",1617661,2015
884,Knowing,"$183,658,498",0448011,2009
885,102 Dalmatians,"$183,611,771",0211181,2000
886,Storks,"$183,388,953",4624424,2016
887,Paul Blart: Mall Cop,"$183,348,429",1114740,2009
888,Wayne's World,"$183,097,323",0105793,1992
889,Maverick,"$183,031,272",0050037,1957
890,Mirror Mirror,"$183,018,522",1667353,2012
891,The Man in the Iron Mask,"$182,968,902",0120744,1998
892,Cape Fear,"$182,291,969",0101540,1991
893,The Haunted Mansion,"$182,290,266",0338094,2003
894,While You Were Sleeping,"$182,057,016",0114924,1995
895,The Bridges of Madison County,"$182,016,617",0112579,1995
896,Abominable,"$181,705,838",6324278,2019
897,Poseidon,"$181,674,817",0409182,2006
898,The First Wives Club,"$181,489,203",0116313,1996
899,Scooby-Doo 2: Monsters Unleashed,"$181,216,833",0331632,2004
900,Hot Shots!,"$181,096,164",0102059,1991
901,Road to Perdition,"$181,001,478",0257044,2002
902,Kill Bill: Vol. 1,"$180,899,045",0266697,2003
903,The Scorpion King,"$180,630,907",0277296,2002
904,Sweet Home Alabama,"$180,622,424",0256415,2002
905,Daddy's Home 2,"$180,613,180",5657846,2017
906,Deja Vu,"$180,557,550",0453467,2006
907,Hacksaw Ridge,"$180,450,918",2119532,2016
908,Dangerous Minds,"$179,519,401",0112792,1995
909,The Dictator,"$179,379,533",1645170,2012
910,The League of Extraordinary Gentlemen,"$179,265,204",0311429,2003
911,Allegiant,"$179,246,868",3410834,2016
912,Daredevil,"$179,179,718",3322312,2015
913,City Slickers,"$179,033,791",0101587,1991
914,He's Just Not That Into You,"$178,866,158",1001508,2009
915,Eagle Eye,"$178,767,383",1059786,2008
916,Along Came Polly,"$178,311,729",0343135,2004
917,Flushed Away,"$178,281,554",0424095,2006
918,Scary Movie 4,"$178,262,620",0362120,2006
919,Dante's Peak,"$178,127,760",0118928,1997
920,Brokeback Mountain,"$178,062,759",0388795,2005
921,Patriot Games,"$178,051,587",0105112,1992
922,Flubber,"$177,977,226",0119137,1997
923,Baywatch,"$177,856,751",0096542,1989
924,Double Jeopardy,"$177,841,558",0150377,1999
925,War Horse,"$177,584,879",1568911,2011
926,Paranormal Activity 2,"$177,512,032",1536044,2010
927,How to Lose a Guy in 10 Days,"$177,502,387",0251127,2003
928,Alien vs. Predator,"$177,427,090",0370263,2004
929,Hero,"$177,395,557",0299977,2002
930,The 40-Year-Old Virgin,"$177,378,645",0405422,2005
931,Lee Daniels' The Butler,"$177,313,795",1327773,2013
932,The Haunting,"$177,311,151",0171363,1999
933,The Descendants,"$177,243,185",1033575,2011
934,The A-Team,"$177,238,796",0429493,2010
935,Tootsie,"$177,200,000",0084805,1982
936,In the Line of Fire,"$176,997,168",0107206,1993
937,Analyze This,"$176,885,658",0122933,1999
938,The Hitman's Bodyguard,"$176,596,851",1959563,2017
939,Looper,"$176,506,819",1276104,2012
940,Ip Man 4: The Finale,"$176,405,343",2076298,2019
941,Dr. Dolittle 2,"$176,104,344",0240462,2001
942,The Italian Job,"$176,070,171",0317740,2003
943,The Bucket List,"$175,372,502",0825232,2007
944,Sleeping with the Enemy,"$174,999,005",0102945,1991
945,Cowboys & Aliens,"$174,822,325",0409847,2011
946,The Mule,"$174,804,407",7959026,2018
947,George of the Jungle,"$174,463,257",0119190,1997
948,Evan Almighty,"$174,440,724",0413099,2007
949,Identity Thief,"$173,965,010",2024432,2013
950,The Nutcracker and the Four Realms,"$173,961,069",5523010,2018
951,Big Momma's House,"$173,959,438",0208003,2000
952,In Time,"$173,930,596",1637688,2011
953,Amélie,"$173,924,742",0211915,2001
954,Operation Mekong,"$173,839,072",6044910,2016
955,Anchorman 2: The Legend Continues,"$173,649,931",1229340,2013
956,Creed,"$173,567,581",3076658,2015
957,Gemini Man,"$173,469,516",1025100,2019
958,The Girl on the Train,"$173,185,859",3631112,2016
959,Scream,"$173,046,663",0117571,1996
960,Cold Mountain,"$173,013,509",0159365,2003
961,Black Hawk Down,"$172,989,651",0265086,2001
962,The Grand Budapest Hotel,"$172,940,046",2278388,2014
963,The Santa Clause 2,"$172,855,065",0304669,2002
964,Cloverfield,"$172,394,180",1060277,2008
965,Scream 2,"$172,363,301",0120082,1997
966,Couples Retreat,"$171,844,840",1078940,2009
967,Antz,"$171,757,863",0120587,1998
968,Blood Diamond,"$171,720,398",0450259,2006
969,Jackass 3D,"$171,685,792",1116184,2010
970,No Country for Old Men,"$171,627,166",0477348,2007
971,Spies in Disguise,"$171,616,764",5814534,2019
972,John Wick: Chapter 2,"$171,539,887",4425200,2017
973,Cocktail,"$171,504,781",0094889,1988
974,Mr. Deeds,"$171,269,535",0280590,2002
975,Contact,"$171,120,329",2543164,2016
976,Superbad,"$170,812,526",0829482,2007
977,The Other Guys,"$170,458,922",1386588,2010
978,The Specialist,"$170,362,582",0111255,1994
979,Olympus Has Fallen,"$170,270,201",2302755,2013
980,Starsky & Hutch,"$170,268,750",0072567,1975
981,Shall We Dance,"$170,128,460",0358135,2004
982,Stuart Little 2,"$169,956,806",0243585,2002
983,Zookeeper,"$169,852,759",1222817,2011
984,Dumb and Dumber To,"$169,837,010",2096672,2014
985,Ghost in the Shell,"$169,801,921",1219827,2017
986,Princess Mononoke,"$169,785,629",0119698,1997
987,Seven Pounds,"$169,748,929",0814314,2008
988,Meet the Robinsons,"$169,333,034",0396555,2007
989,The Emperor's New Groove,"$169,327,687",0120917,2000
990,12 Monkeys,"$168,839,459",0114746,1995
991,Dodgeball,"$168,423,227",0364725,2004
992,Hellboy II: The Golden Army,"$168,319,243",0411477,2008
993,Insidious: The Last Key,"$167,885,588",5726086,2018
994,Fantastic Four,"$167,882,881",1502712,2015
995,Unstoppable,"$167,805,466",0477080,2010
996,Three Men and a Baby,"$167,780,960",0094137,1987
997,Magic Mike,"$167,739,368",1915581,2012
998,Alexander,"$167,298,192",0346491,2004
999,Up in the Air,"$166,842,739",1193138,2009
